<particleEmitterConfig>
	<texture name="texture" type="png"/>
	<sourcePosition x="0" y="0"/>
	<sourcePositionVariance x="7" y="7"/>
	<speed value="0.4"/>
	<speedVariance value="0.1"/>
	<particleLifeSpan value="0.6"/>
	<particleLifespanVariance value="0.3"/>
	<angle value="0"/>
	<angleVariance value="360.0"/>
	<gravity x="0" y="0"/>
	<startColor red="1.0" green="1.0" blue="1.0" alpha="1.0"/>
	<startColorVariance red="0" green="0" blue="0" alpha="0.0"/>
	<finishColor red="1.0" green="0.0" blue="0.0" alpha="1.0"/>
	<finishColorVariance red="0" green="0" blue="0" alpha="0"/>
	<maxParticles value="400"/>
	<startParticleSize value="40"/>
	<startParticleSizeVariance value="0"/>
	<finishParticleSize value="0"/>
	<finishParticleSizeVariance value="10"/>
	<duration value="-1"/>
	<blendAdditive value="1"/>
</particleEmitterConfig>
