<particleEmitterConfig>
	<texture name="texture" type="png"/>
	<sourcePosition x="0" y="0"/>
	<sourcePositionVariance x="7" y="7"/>
	<speed value="10"/>
	<speedVariance value="0.1"/>
	<particleLifeSpan value="2"/>
	<particleLifespanVariance value="0"/>
	<angle value="0"/>
	<angleVariance value="360.0"/>
	<gravity x="0" y="0"/>
	<startColor red="0.0" green="0.5" blue="0" alpha="1.0"/>
	<startColorVariance red="0.2" green="0.25" blue="0.2" alpha="0.5"/>
	<finishColor red="0.0 green="1.0" blue="0.0" alpha="1.0"/>
	<finishColorVariance red="0" green="0.0" blue="0" alpha="0"/>
	<maxParticles value="100"/>
	<startParticleSize value="0"/>
	<startParticleSizeVariance value="0"/>
	<finishParticleSize value="35"/>
	<finishParticleSizeVariance value="0"/>
	<duration value="-1"/>
	<blendAdditive value="1"/>
</particleEmitterConfig>