<particleEmitterConfig>
	<texture name="texture" type="png"/>
	<sourcePosition x="0" y="0"/>
	<sourcePositionVariance x="3" y="7"/>
	<speed value="100"/>
	<speedVariance value="10"/>
	<particleLifeSpan value="1"/>
	<particleLifespanVariance value="0.4"/>
	<angle value="90"/>
	<angleVariance value="0"/>
	<gravity x="0" y="0"/>
	<startColor red="1.0" green="0.3" blue="0.4" alpha="0.0"/>
	<startColorVariance red="0.5" green="0.0" blue="0.0" alpha="1.0"/>
	<finishColor red="0.0" green="0.0" blue="1.0" alpha="0.0"/>
	<finishColorVariance red="0.0" green="0.0" blue="0.5" alpha="0.0"/>
	<maxParticles value="100"/>
	<startParticleSize value="64"/>
	<startParticleSizeVariance value="5"/>
	<finishParticleSize value="30"/>
	<finishParticleSizeVariance value="5"/>
	<duration value="-1"/>
	<blendAdditive value="1"/>
</particleEmitterConfig>